Package,Class,Method Name,Descriptor
org.joda.time,org.joda.time.DateTimeUtils,setDefaultTimeZoneNames,(Ljava/util/Map;)V
org.joda.time,org.joda.time.UTCDateTimeZone,nextTransition,(J)J
org.joda.time,org.joda.time.UTCDateTimeZone,previousTransition,(J)J
org.joda.time,org.joda.time.UTCDateTimeZone,toTimeZone,()Ljava/util/TimeZone;
org.joda.time,org.joda.time.LocalDateTime,withFields,(Lorg/joda/time/ReadablePartial;)Lorg/joda/time/LocalDateTime;
org.joda.time,org.joda.time.LocalDateTime,withDurationAdded,(Lorg/joda/time/ReadableDuration;I)Lorg/joda/time/LocalDateTime;
org.joda.time,org.joda.time.LocalDateTime,plus,(Lorg/joda/time/ReadableDuration;)Lorg/joda/time/LocalDateTime;
org.joda.time,org.joda.time.LocalDateTime,minus,(Lorg/joda/time/ReadableDuration;)Lorg/joda/time/LocalDateTime;
org.joda.time,org.joda.time.LocalDate,withFields,(Lorg/joda/time/ReadablePartial;)Lorg/joda/time/LocalDate;
org.joda.time,org.joda.time.IllegalFieldValueException,prependMessage,(Ljava/lang/String;)V
org.joda.time,org.joda.time.DateTime,withTimeAtStartOfDay,()Lorg/joda/time/DateTime;
org.joda.time,org.joda.time.LocalTime,withFields,(Lorg/joda/time/ReadablePartial;)Lorg/joda/time/LocalTime;
org.joda.time.chrono,org.joda.time.chrono.BasicYearDateTimeField,readResolve,()Ljava/lang/Object;
org.joda.time.chrono,org.joda.time.chrono.GJEraDateTimeField,roundCeiling,(J)J
org.joda.time.chrono,org.joda.time.chrono.GJEraDateTimeField,roundHalfFloor,(J)J
org.joda.time.chrono,org.joda.time.chrono.GJEraDateTimeField,roundHalfCeiling,(J)J
org.joda.time.chrono,org.joda.time.chrono.GJEraDateTimeField,roundHalfEven,(J)J
org.joda.time.chrono,org.joda.time.chrono.GJEraDateTimeField,readResolve,()Ljava/lang/Object;
org.joda.time.chrono,org.joda.time.chrono.BasicSingleEraDateTimeField,set,(JI)J
org.joda.time.chrono,org.joda.time.chrono.BasicSingleEraDateTimeField,set,(JLjava/lang/String;Ljava/util/Locale;)J
org.joda.time.chrono,org.joda.time.chrono.BasicSingleEraDateTimeField,roundFloor,(J)J
org.joda.time.chrono,org.joda.time.chrono.BasicSingleEraDateTimeField,roundCeiling,(J)J
org.joda.time.chrono,org.joda.time.chrono.BasicSingleEraDateTimeField,roundHalfFloor,(J)J
org.joda.time.chrono,org.joda.time.chrono.BasicSingleEraDateTimeField,roundHalfCeiling,(J)J
org.joda.time.chrono,org.joda.time.chrono.BasicSingleEraDateTimeField,roundHalfEven,(J)J
org.joda.time.chrono,org.joda.time.chrono.BasicSingleEraDateTimeField,getMinimumValue,()I
org.joda.time.chrono,org.joda.time.chrono.BasicSingleEraDateTimeField,getMaximumValue,()I
org.joda.time.chrono,org.joda.time.chrono.BasicSingleEraDateTimeField,getMaximumTextLength,(Ljava/util/Locale;)I
org.joda.time.chrono,org.joda.time.chrono.BuddhistChronology,hashCode,()I
org.joda.time.chrono,org.joda.time.chrono.StrictChronology,withZone,(Lorg/joda/time/DateTimeZone;)Lorg/joda/time/Chronology;
org.joda.time.chrono,org.joda.time.chrono.LimitChronology,withUTC,()Lorg/joda/time/Chronology;
org.joda.time.chrono,org.joda.time.chrono.LimitChronology,withZone,(Lorg/joda/time/DateTimeZone;)Lorg/joda/time/Chronology;
org.joda.time.chrono,org.joda.time.chrono.BasicFixedMonthChronology,getDaysInMonthMax,(I)I
org.joda.time.chrono,org.joda.time.chrono.IslamicChronology,readResolve,()Ljava/lang/Object;
org.joda.time.chrono,org.joda.time.chrono.IslamicChronology,getLeapYearPatternType,()Lorg/joda/time/chrono/IslamicChronology$LeapYearPatternType;
org.joda.time.chrono,org.joda.time.chrono.IslamicChronology,equals,(Ljava/lang/Object;)Z
org.joda.time.chrono,org.joda.time.chrono.IslamicChronology,hashCode,()I
org.joda.time.chrono,org.joda.time.chrono.IslamicChronology,getYearDifference,(JJ)J
org.joda.time.chrono,org.joda.time.chrono.IslamicChronology,getDaysInMonthMax,(I)I
org.joda.time.chrono,org.joda.time.chrono.IslamicChronology,getAverageMillisPerYearDividedByTwo,()J
org.joda.time.chrono,org.joda.time.chrono.IslamicChronology,getApproxMillisAtEpochDividedByTwo,()J
org.joda.time.chrono,org.joda.time.chrono.BasicDayOfMonthDateTimeField,readResolve,()Ljava/lang/Object;
org.joda.time.chrono,org.joda.time.chrono.ZonedChronology,withUTC,()Lorg/joda/time/Chronology;
org.joda.time.chrono,org.joda.time.chrono.ZonedChronology,withZone,(Lorg/joda/time/DateTimeZone;)Lorg/joda/time/Chronology;
org.joda.time.chrono,org.joda.time.chrono.BasicDayOfYearDateTimeField,getMaximumValue,(Lorg/joda/time/ReadablePartial;)I
org.joda.time.chrono,org.joda.time.chrono.BasicDayOfYearDateTimeField,readResolve,()Ljava/lang/Object;
org.joda.time.chrono,org.joda.time.chrono.EthiopicChronology,readResolve,()Ljava/lang/Object;
org.joda.time.chrono,org.joda.time.chrono.GJDayOfWeekDateTimeField,readResolve,()Ljava/lang/Object;
org.joda.time.chrono,org.joda.time.chrono.GJYearOfEraDateTimeField,add,(JJ)J
org.joda.time.chrono,org.joda.time.chrono.GJYearOfEraDateTimeField,addWrapField,(JI)J
org.joda.time.chrono,org.joda.time.chrono.GJYearOfEraDateTimeField,addWrapField,(Lorg/joda/time/ReadablePartial;I[II)[I
org.joda.time.chrono,org.joda.time.chrono.GJYearOfEraDateTimeField,getDifference,(JJ)I
org.joda.time.chrono,org.joda.time.chrono.GJYearOfEraDateTimeField,getDifferenceAsLong,(JJ)J
org.joda.time.chrono,org.joda.time.chrono.GJYearOfEraDateTimeField,roundCeiling,(J)J
org.joda.time.chrono,org.joda.time.chrono.GJYearOfEraDateTimeField,remainder,(J)J
org.joda.time.chrono,org.joda.time.chrono.GJYearOfEraDateTimeField,readResolve,()Ljava/lang/Object;
org.joda.time.chrono,org.joda.time.chrono.BaseChronology,millis,()Lorg/joda/time/DurationField;
org.joda.time.chrono,org.joda.time.chrono.BaseChronology,millisOfSecond,()Lorg/joda/time/DateTimeField;
org.joda.time.chrono,org.joda.time.chrono.BaseChronology,millisOfDay,()Lorg/joda/time/DateTimeField;
org.joda.time.chrono,org.joda.time.chrono.BaseChronology,seconds,()Lorg/joda/time/DurationField;
org.joda.time.chrono,org.joda.time.chrono.BaseChronology,secondOfMinute,()Lorg/joda/time/DateTimeField;
org.joda.time.chrono,org.joda.time.chrono.BaseChronology,secondOfDay,()Lorg/joda/time/DateTimeField;
org.joda.time.chrono,org.joda.time.chrono.BaseChronology,minutes,()Lorg/joda/time/DurationField;
org.joda.time.chrono,org.joda.time.chrono.BaseChronology,minuteOfHour,()Lorg/joda/time/DateTimeField;
org.joda.time.chrono,org.joda.time.chrono.BaseChronology,minuteOfDay,()Lorg/joda/time/DateTimeField;
org.joda.time.chrono,org.joda.time.chrono.BaseChronology,hours,()Lorg/joda/time/DurationField;
org.joda.time.chrono,org.joda.time.chrono.BaseChronology,hourOfDay,()Lorg/joda/time/DateTimeField;
org.joda.time.chrono,org.joda.time.chrono.BaseChronology,clockhourOfDay,()Lorg/joda/time/DateTimeField;
org.joda.time.chrono,org.joda.time.chrono.BaseChronology,halfdays,()Lorg/joda/time/DurationField;
org.joda.time.chrono,org.joda.time.chrono.BaseChronology,hourOfHalfday,()Lorg/joda/time/DateTimeField;
org.joda.time.chrono,org.joda.time.chrono.BaseChronology,clockhourOfHalfday,()Lorg/joda/time/DateTimeField;
org.joda.time.chrono,org.joda.time.chrono.BaseChronology,halfdayOfDay,()Lorg/joda/time/DateTimeField;
org.joda.time.chrono,org.joda.time.chrono.BaseChronology,days,()Lorg/joda/time/DurationField;
org.joda.time.chrono,org.joda.time.chrono.BaseChronology,dayOfWeek,()Lorg/joda/time/DateTimeField;
org.joda.time.chrono,org.joda.time.chrono.BaseChronology,dayOfMonth,()Lorg/joda/time/DateTimeField;
org.joda.time.chrono,org.joda.time.chrono.BaseChronology,dayOfYear,()Lorg/joda/time/DateTimeField;
org.joda.time.chrono,org.joda.time.chrono.BaseChronology,weeks,()Lorg/joda/time/DurationField;
org.joda.time.chrono,org.joda.time.chrono.BaseChronology,weekOfWeekyear,()Lorg/joda/time/DateTimeField;
org.joda.time.chrono,org.joda.time.chrono.BaseChronology,weekyears,()Lorg/joda/time/DurationField;
org.joda.time.chrono,org.joda.time.chrono.BaseChronology,weekyear,()Lorg/joda/time/DateTimeField;
org.joda.time.chrono,org.joda.time.chrono.BaseChronology,weekyearOfCentury,()Lorg/joda/time/DateTimeField;
org.joda.time.chrono,org.joda.time.chrono.BaseChronology,months,()Lorg/joda/time/DurationField;
org.joda.time.chrono,org.joda.time.chrono.BaseChronology,monthOfYear,()Lorg/joda/time/DateTimeField;
org.joda.time.chrono,org.joda.time.chrono.BaseChronology,years,()Lorg/joda/time/DurationField;
org.joda.time.chrono,org.joda.time.chrono.BaseChronology,year,()Lorg/joda/time/DateTimeField;
org.joda.time.chrono,org.joda.time.chrono.BaseChronology,yearOfEra,()Lorg/joda/time/DateTimeField;
org.joda.time.chrono,org.joda.time.chrono.BaseChronology,yearOfCentury,()Lorg/joda/time/DateTimeField;
org.joda.time.chrono,org.joda.time.chrono.BaseChronology,centuries,()Lorg/joda/time/DurationField;
org.joda.time.chrono,org.joda.time.chrono.BaseChronology,centuryOfEra,()Lorg/joda/time/DateTimeField;
org.joda.time.chrono,org.joda.time.chrono.BaseChronology,era,()Lorg/joda/time/DateTimeField;
org.joda.time.chrono,org.joda.time.chrono.BasicWeekyearDateTimeField,add,(JJ)J
org.joda.time.chrono,org.joda.time.chrono.BasicWeekyearDateTimeField,readResolve,()Ljava/lang/Object;
org.joda.time.chrono,org.joda.time.chrono.BasicMonthOfYearDateTimeField,readResolve,()Ljava/lang/Object;
org.joda.time.chrono,org.joda.time.chrono.BasicWeekOfWeekyearDateTimeField,getMaximumValue,(Lorg/joda/time/ReadablePartial;)I
org.joda.time.chrono,org.joda.time.chrono.BasicWeekOfWeekyearDateTimeField,readResolve,()Ljava/lang/Object;
org.joda.time.chrono,org.joda.time.chrono.ISOYearOfEraDateTimeField,add,(JI)J
org.joda.time.chrono,org.joda.time.chrono.ISOYearOfEraDateTimeField,add,(JJ)J
org.joda.time.chrono,org.joda.time.chrono.ISOYearOfEraDateTimeField,addWrapField,(JI)J
org.joda.time.chrono,org.joda.time.chrono.ISOYearOfEraDateTimeField,addWrapField,(Lorg/joda/time/ReadablePartial;I[II)[I
org.joda.time.chrono,org.joda.time.chrono.ISOYearOfEraDateTimeField,getDifference,(JJ)I
org.joda.time.chrono,org.joda.time.chrono.ISOYearOfEraDateTimeField,getDifferenceAsLong,(JJ)J
org.joda.time.chrono,org.joda.time.chrono.ISOYearOfEraDateTimeField,set,(JI)J
org.joda.time.chrono,org.joda.time.chrono.ISOYearOfEraDateTimeField,roundCeiling,(J)J
org.joda.time.chrono,org.joda.time.chrono.ISOYearOfEraDateTimeField,remainder,(J)J
org.joda.time.chrono,org.joda.time.chrono.ISOYearOfEraDateTimeField,readResolve,()Ljava/lang/Object;
org.joda.time.tz,org.joda.time.tz.ZoneInfoCompiler,printUsage,()V
org.joda.time.tz,org.joda.time.tz.ZoneInfoProvider,uncaughtException,(Ljava/lang/Exception;)V
org.joda.time.format,org.joda.time.format.InternalPrinterDateTimePrinter,printTo,(Ljava/io/Writer;JLorg/joda/time/Chronology;ILorg/joda/time/DateTimeZone;Ljava/util/Locale;)V
org.joda.time.format,org.joda.time.format.InternalPrinterDateTimePrinter,printTo,(Ljava/lang/StringBuffer;Lorg/joda/time/ReadablePartial;Ljava/util/Locale;)V
org.joda.time.format,org.joda.time.format.InternalPrinterDateTimePrinter,printTo,(Ljava/io/Writer;Lorg/joda/time/ReadablePartial;Ljava/util/Locale;)V
org.joda.time.format,org.joda.time.format.InternalPrinterDateTimePrinter,printTo,(Ljava/lang/Appendable;Lorg/joda/time/ReadablePartial;Ljava/util/Locale;)V
org.joda.time.format,org.joda.time.format.DateTimeFormatterBuilder,clear,()V
org.joda.time.format,org.joda.time.format.DateTimeFormatterBuilder,appendFractionOfDay,(II)Lorg/joda/time/format/DateTimeFormatterBuilder;
org.joda.time.format,org.joda.time.format.DateTimeFormatterBuilder,appendMillisOfDay,(I)Lorg/joda/time/format/DateTimeFormatterBuilder;
org.joda.time.format,org.joda.time.format.DateTimeFormatterBuilder,appendMinuteOfDay,(I)Lorg/joda/time/format/DateTimeFormatterBuilder;
org.joda.time.format,org.joda.time.format.DateTimeFormatterBuilder,appendYearOfCentury,(II)Lorg/joda/time/format/DateTimeFormatterBuilder;
org.joda.time.format,org.joda.time.format.DateTimeFormatter,getChronolgy,()Lorg/joda/time/Chronology;
org.joda.time.format,org.joda.time.format.DateTimeFormatter,getDefaultYear,()I
org.joda.time.format,org.joda.time.format.DateTimeParserBucket,getOffset,()I
org.joda.time.format,org.joda.time.format.DateTimeParserBucket,setOffset,(I)V
org.joda.time.format,org.joda.time.format.PeriodFormatterBuilder,maximumParsedDigits,(I)Lorg/joda/time/format/PeriodFormatterBuilder;
org.joda.time.format,org.joda.time.format.PeriodFormatterBuilder,rejectSignedValues,(Z)Lorg/joda/time/format/PeriodFormatterBuilder;
org.joda.time.format,org.joda.time.format.DateTimePrinterInternalPrinter,getUnderlying,()Lorg/joda/time/format/DateTimePrinter;
org.joda.time.format,org.joda.time.format.DateTimePrinterInternalPrinter,printTo,(Ljava/lang/Appendable;Lorg/joda/time/ReadablePartial;Ljava/util/Locale;)V
org.joda.time.format,org.joda.time.format.DateTimeParserInternalParser,getUnderlying,()Lorg/joda/time/format/DateTimeParser;
org.joda.time.format,org.joda.time.format.DateTimeParserInternalParser,estimateParsedLength,()I
org.joda.time.format,org.joda.time.format.FormatUtils,appendPaddedInteger,(Ljava/lang/StringBuffer;JI)V
org.joda.time.format,org.joda.time.format.FormatUtils,appendPaddedInteger,(Ljava/lang/Appendable;JI)V
org.joda.time.format,org.joda.time.format.FormatUtils,writePaddedInteger,(Ljava/io/Writer;JI)V
org.joda.time.format,org.joda.time.format.FormatUtils,writeUnpaddedInteger,(Ljava/io/Writer;J)V
org.joda.time.format,org.joda.time.format.InternalParserDateTimeParser,parseInto,(Lorg/joda/time/format/DateTimeParserBucket;Ljava/lang/String;I)I
org.joda.time.field,org.joda.time.field.LenientDateTimeField,isLenient,()Z
org.joda.time.field,org.joda.time.field.DelegatedDateTimeField,getWrappedField,()Lorg/joda/time/DateTimeField;
org.joda.time.field,org.joda.time.field.DelegatedDateTimeField,getName,()Ljava/lang/String;
org.joda.time.field,org.joda.time.field.DelegatedDateTimeField,getAsText,(JLjava/util/Locale;)Ljava/lang/String;
org.joda.time.field,org.joda.time.field.DelegatedDateTimeField,getAsText,(J)Ljava/lang/String;
org.joda.time.field,org.joda.time.field.DelegatedDateTimeField,getAsText,(Lorg/joda/time/ReadablePartial;ILjava/util/Locale;)Ljava/lang/String;
org.joda.time.field,org.joda.time.field.DelegatedDateTimeField,getAsText,(Lorg/joda/time/ReadablePartial;Ljava/util/Locale;)Ljava/lang/String;
org.joda.time.field,org.joda.time.field.DelegatedDateTimeField,getAsText,(ILjava/util/Locale;)Ljava/lang/String;
org.joda.time.field,org.joda.time.field.DelegatedDateTimeField,getAsShortText,(JLjava/util/Locale;)Ljava/lang/String;
org.joda.time.field,org.joda.time.field.DelegatedDateTimeField,getAsShortText,(J)Ljava/lang/String;
org.joda.time.field,org.joda.time.field.DelegatedDateTimeField,getAsShortText,(Lorg/joda/time/ReadablePartial;ILjava/util/Locale;)Ljava/lang/String;
org.joda.time.field,org.joda.time.field.DelegatedDateTimeField,getAsShortText,(Lorg/joda/time/ReadablePartial;Ljava/util/Locale;)Ljava/lang/String;
org.joda.time.field,org.joda.time.field.DelegatedDateTimeField,getAsShortText,(ILjava/util/Locale;)Ljava/lang/String;
org.joda.time.field,org.joda.time.field.DelegatedDateTimeField,add,(Lorg/joda/time/ReadablePartial;I[II)[I
org.joda.time.field,org.joda.time.field.DelegatedDateTimeField,addWrapPartial,(Lorg/joda/time/ReadablePartial;I[II)[I
org.joda.time.field,org.joda.time.field.DelegatedDateTimeField,addWrapField,(Lorg/joda/time/ReadablePartial;I[II)[I
org.joda.time.field,org.joda.time.field.DelegatedDateTimeField,getDifferenceAsLong,(JJ)J
org.joda.time.field,org.joda.time.field.DelegatedDateTimeField,set,(JLjava/lang/String;Ljava/util/Locale;)J
org.joda.time.field,org.joda.time.field.DelegatedDateTimeField,set,(JLjava/lang/String;)J
org.joda.time.field,org.joda.time.field.DelegatedDateTimeField,set,(Lorg/joda/time/ReadablePartial;I[II)[I
org.joda.time.field,org.joda.time.field.DelegatedDateTimeField,set,(Lorg/joda/time/ReadablePartial;I[ILjava/lang/String;Ljava/util/Locale;)[I
org.joda.time.field,org.joda.time.field.DelegatedDateTimeField,getMinimumValue,(Lorg/joda/time/ReadablePartial;)I
org.joda.time.field,org.joda.time.field.DelegatedDateTimeField,getMaximumValue,(Lorg/joda/time/ReadablePartial;)I
org.joda.time.field,org.joda.time.field.DelegatedDateTimeField,getMaximumTextLength,(Ljava/util/Locale;)I
org.joda.time.field,org.joda.time.field.DelegatedDateTimeField,getMaximumShortTextLength,(Ljava/util/Locale;)I
org.joda.time.field,org.joda.time.field.DelegatedDateTimeField,roundHalfCeiling,(J)J
org.joda.time.field,org.joda.time.field.DelegatedDateTimeField,toString,()Ljava/lang/String;
org.joda.time.field,org.joda.time.field.DecoratedDateTimeField,roundFloor,(J)J
org.joda.time.field,org.joda.time.field.DelegatedDurationField,getWrappedField,()Lorg/joda/time/DurationField;
org.joda.time.field,org.joda.time.field.DelegatedDurationField,getType,()Lorg/joda/time/DurationFieldType;
org.joda.time.field,org.joda.time.field.DelegatedDurationField,getName,()Ljava/lang/String;
org.joda.time.field,org.joda.time.field.DelegatedDurationField,isSupported,()Z
org.joda.time.field,org.joda.time.field.DelegatedDurationField,isPrecise,()Z
org.joda.time.field,org.joda.time.field.DelegatedDurationField,getValue,(J)I
org.joda.time.field,org.joda.time.field.DelegatedDurationField,getValueAsLong,(J)J
org.joda.time.field,org.joda.time.field.DelegatedDurationField,getValue,(JJ)I
org.joda.time.field,org.joda.time.field.DelegatedDurationField,getValueAsLong,(JJ)J
org.joda.time.field,org.joda.time.field.DelegatedDurationField,getMillis,(I)J
org.joda.time.field,org.joda.time.field.DelegatedDurationField,getMillis,(J)J
org.joda.time.field,org.joda.time.field.DelegatedDurationField,getMillis,(IJ)J
org.joda.time.field,org.joda.time.field.DelegatedDurationField,getMillis,(JJ)J
org.joda.time.field,org.joda.time.field.DelegatedDurationField,add,(JI)J
org.joda.time.field,org.joda.time.field.DelegatedDurationField,add,(JJ)J
org.joda.time.field,org.joda.time.field.DelegatedDurationField,getDifference,(JJ)I
org.joda.time.field,org.joda.time.field.DelegatedDurationField,getDifferenceAsLong,(JJ)J
org.joda.time.field,org.joda.time.field.DelegatedDurationField,getUnitMillis,()J
org.joda.time.field,org.joda.time.field.DelegatedDurationField,compareTo,(Lorg/joda/time/DurationField;)I
org.joda.time.field,org.joda.time.field.DelegatedDurationField,equals,(Ljava/lang/Object;)Z
org.joda.time.field,org.joda.time.field.DelegatedDurationField,hashCode,()I
org.joda.time.field,org.joda.time.field.DelegatedDurationField,toString,()Ljava/lang/String;
org.joda.time.field,org.joda.time.field.ZeroIsMaxDateTimeField,add,(JI)J
org.joda.time.field,org.joda.time.field.ZeroIsMaxDateTimeField,add,(JJ)J
org.joda.time.field,org.joda.time.field.ZeroIsMaxDateTimeField,addWrapField,(JI)J
org.joda.time.field,org.joda.time.field.ZeroIsMaxDateTimeField,addWrapField,(Lorg/joda/time/ReadablePartial;I[II)[I
org.joda.time.field,org.joda.time.field.ZeroIsMaxDateTimeField,getDifference,(JJ)I
org.joda.time.field,org.joda.time.field.ZeroIsMaxDateTimeField,getDifferenceAsLong,(JJ)J
org.joda.time.field,org.joda.time.field.ZeroIsMaxDateTimeField,isLeap,(J)Z
org.joda.time.field,org.joda.time.field.ZeroIsMaxDateTimeField,getLeapAmount,(J)I
org.joda.time.field,org.joda.time.field.ZeroIsMaxDateTimeField,getMinimumValue,()I
org.joda.time.field,org.joda.time.field.ZeroIsMaxDateTimeField,getMinimumValue,(J)I
org.joda.time.field,org.joda.time.field.ZeroIsMaxDateTimeField,getMinimumValue,(Lorg/joda/time/ReadablePartial;)I
org.joda.time.field,org.joda.time.field.ZeroIsMaxDateTimeField,getMinimumValue,(Lorg/joda/time/ReadablePartial;[I)I
org.joda.time.field,org.joda.time.field.ZeroIsMaxDateTimeField,getMaximumValue,(J)I
org.joda.time.field,org.joda.time.field.ZeroIsMaxDateTimeField,getMaximumValue,(Lorg/joda/time/ReadablePartial;)I
org.joda.time.field,org.joda.time.field.ZeroIsMaxDateTimeField,getMaximumValue,(Lorg/joda/time/ReadablePartial;[I)I
org.joda.time.field,org.joda.time.field.ZeroIsMaxDateTimeField,roundCeiling,(J)J
org.joda.time.field,org.joda.time.field.ZeroIsMaxDateTimeField,roundHalfFloor,(J)J
org.joda.time.field,org.joda.time.field.ZeroIsMaxDateTimeField,roundHalfCeiling,(J)J
org.joda.time.field,org.joda.time.field.ZeroIsMaxDateTimeField,roundHalfEven,(J)J
org.joda.time.field,org.joda.time.field.ZeroIsMaxDateTimeField,remainder,(J)J
org.joda.time.field,org.joda.time.field.SkipUndoDateTimeField,readResolve,()Ljava/lang/Object;
org.joda.time.field,org.joda.time.field.FieldUtils,safeMultiplyToInt,(JJ)I
org.joda.time.field,org.joda.time.field.UnsupportedDurationField,getType,()Lorg/joda/time/DurationFieldType;
org.joda.time.field,org.joda.time.field.UnsupportedDurationField,isPrecise,()Z
org.joda.time.field,org.joda.time.field.UnsupportedDurationField,getValue,(J)I
org.joda.time.field,org.joda.time.field.UnsupportedDurationField,getValueAsLong,(J)J
org.joda.time.field,org.joda.time.field.UnsupportedDurationField,getValue,(JJ)I
org.joda.time.field,org.joda.time.field.UnsupportedDurationField,getValueAsLong,(JJ)J
org.joda.time.field,org.joda.time.field.UnsupportedDurationField,getMillis,(I)J
org.joda.time.field,org.joda.time.field.UnsupportedDurationField,getMillis,(J)J
org.joda.time.field,org.joda.time.field.UnsupportedDurationField,getMillis,(IJ)J
org.joda.time.field,org.joda.time.field.UnsupportedDurationField,getMillis,(JJ)J
org.joda.time.field,org.joda.time.field.UnsupportedDurationField,hashCode,()I
org.joda.time.field,org.joda.time.field.UnsupportedDurationField,toString,()Ljava/lang/String;
org.joda.time.field,org.joda.time.field.DividedDateTimeField,add,(JI)J
org.joda.time.field,org.joda.time.field.DividedDateTimeField,add,(JJ)J
org.joda.time.field,org.joda.time.field.DividedDateTimeField,addWrapField,(JI)J
org.joda.time.field,org.joda.time.field.DividedDateTimeField,getDifference,(JJ)I
org.joda.time.field,org.joda.time.field.DividedDateTimeField,getDifferenceAsLong,(JJ)J
org.joda.time.field,org.joda.time.field.DividedDateTimeField,roundFloor,(J)J
org.joda.time.field,org.joda.time.field.DividedDateTimeField,remainder,(J)J
org.joda.time.field,org.joda.time.field.DividedDateTimeField,getDivisor,()I
org.joda.time.field,org.joda.time.field.RemainderDateTimeField,addWrapField,(JI)J
org.joda.time.field,org.joda.time.field.RemainderDateTimeField,roundCeiling,(J)J
org.joda.time.field,org.joda.time.field.RemainderDateTimeField,roundHalfFloor,(J)J
org.joda.time.field,org.joda.time.field.RemainderDateTimeField,roundHalfCeiling,(J)J
org.joda.time.field,org.joda.time.field.RemainderDateTimeField,roundHalfEven,(J)J
org.joda.time.field,org.joda.time.field.RemainderDateTimeField,remainder,(J)J
org.joda.time.field,org.joda.time.field.RemainderDateTimeField,getDivisor,()I
org.joda.time.field,org.joda.time.field.ImpreciseDateTimeField,getDurationUnitMillis,()J
org.joda.time.field,org.joda.time.field.AbstractReadableInstantFieldProperty,getChronology,()Lorg/joda/time/Chronology;
org.joda.time.field,org.joda.time.field.UnsupportedDateTimeField,getDifferenceAsLong,(JJ)J
org.joda.time.field,org.joda.time.field.DecoratedDurationField,getValueAsLong,(JJ)J
org.joda.time.field,org.joda.time.field.DecoratedDurationField,getMillis,(IJ)J
org.joda.time.field,org.joda.time.field.DecoratedDurationField,getMillis,(JJ)J
org.joda.time.field,org.joda.time.field.DecoratedDurationField,add,(JI)J
org.joda.time.field,org.joda.time.field.DecoratedDurationField,add,(JJ)J
org.joda.time.field,org.joda.time.field.DecoratedDurationField,getDifferenceAsLong,(JJ)J
org.joda.time.field,org.joda.time.field.StrictDateTimeField,isLenient,()Z
org.joda.time.field,org.joda.time.field.StrictDateTimeField,set,(JI)J
org.joda.time.field,org.joda.time.field.SkipDateTimeField,readResolve,()Ljava/lang/Object;
